UniqueId,Name,FareZones,HubNaptanCode,Wifi,OutsideStationUniqueId,BlueBadgeCarParking,BlueBadgeCarParkSpaces,TaxiRanksOutsideStation,MainBusInterchange,PierInterchange,NationalRailInterchange,AirportInterchange,EmiratesAirLineInterchange
HUBABW,Abbey Wood,4,HUBABW,FALSE,HUBABW-Outside,FALSE,,FALSE,,,,,
910GACTNCTL,Acton Central,3,,TRUE,910GACTNCTL-Outside,FALSE,,FALSE,,,,,
910GACTONML,Acton Main Line,3,,FALSE,910GACTONML-Outside,FALSE,,FALSE,,,,,
910GANERLEY,Anerley,4,,TRUE,910GANERLEY-Outside,FALSE,,FALSE,,,,,
910GBCKNHMH,Beckenham Hill,4,,FALSE,910GBCKNHMH-Outside,FALSE,,FALSE,,,,,
910GBELNGHM,Bellingham,3,,FALSE,910GBELNGHM-Outside,FALSE,,FALSE,,,,,
910GBHILLPK,Bush Hill Park,5,,TRUE,910GBHILLPK-Outside,TRUE,2,FALSE,,,,,
910GBICKLEY,Bickley,5,,FALSE,910GBICKLEY-Outside,FALSE,,FALSE,,,,,
910GBNHAM,Burnham,Outside,,FALSE,910GBNHAM-Outside,FALSE,,FALSE,,,,,
910GBRBY,Brondesbury,2,,TRUE,910GBRBY-Outside,FALSE,,FALSE,,,,,
910GBRBYPK,Brondesbury Park,2,,FALSE,910GBRBYPK-Outside,FALSE,,FALSE,,,,,
910GBRENTX,Brent Cross West Station,3,,FALSE,910GBRENTX-Outside,FALSE,,FALSE,,,,,
910GBROCKLY,Brockley,2,,TRUE,910GBROCKLY-Outside,FALSE,,FALSE,,,,,
910GBROMLYS,Bromley South,5,,FALSE,910GBROMLYS-Outside,FALSE,,FALSE,,,,,
910GBRTWOOD,Brentwood,9,,TRUE,910GBRTWOOD-Outside,TRUE,17,FALSE,,,,,
910GBRUCGRV,Bruce Grove,3,,TRUE,910GBRUCGRV-Outside,FALSE,,FALSE,,,,,
910GBTHNLGR,Bethnal Green,2,,TRUE,910GBTHNLGR-Outside,FALSE,,FALSE,,,,,
910GCAMHTH,Cambridge Heath,2,,FALSE,910GCAMHTH-Outside,FALSE,,FALSE,,,,,
910GCATFORD,Catford,3,,FALSE,910GCATFORD-Outside,FALSE,,FALSE,,,,,
910GCFPK,Crofton Park,3,,FALSE,910GCFPK-Outside,FALSE,,FALSE,,,,,
910GCHDWLHT,Chadwell Heath,5,,FALSE,910GCHDWLHT-Outside,FALSE,,FALSE,,,,,
910GCHESHNT,Cheshunt,8,,TRUE,910GCHESHNT-Outside,TRUE,5,FALSE,,,Partial,,
910GCHINGFD,Chingford,5,,TRUE,910GCHINGFD-Outside,TRUE,3,FALSE,,,,,
910GCLAPTON,Clapton,2|3,,TRUE,910GCLAPTON-Outside,FALSE,,FALSE,,,,,
910GCLDNNRB,Caledonian Road & Barnsbury,2,,FALSE,910GCLDNNRB-Outside,FALSE,,FALSE,,,,,
910GCLPHHS,Clapham High Street,2,,FALSE,910GCLPHHS-Outside,FALSE,,FALSE,,,,,
910GCMDNRD,Camden Road,2,,TRUE,910GCMDNRD-Outside,FALSE,,FALSE,,,,,
910GCNNB,Canonbury,2,,FALSE,910GCNNB-Outside,FALSE,,FALSE,,,,,
910GCOLSDNS,Coulsdon South,6,,TRUE,910GCOLSDNS-Outside,FALSE,,FALSE,,,,,
910GCRKLWD,Cricklewood,3,,TRUE,910GCRKLWD-Outside,FALSE,,FALSE,,,,,
910GCRLN,Charlton,3,,FALSE,910GCRLN-Outside,FALSE,,FALSE,,,,,
910GCROUCHH,Crouch Hill,3,,FALSE,910GCROUCHH-Outside,FALSE,,FALSE,,,,,
910GCRPNDPK,Carpenders Park,7,,TRUE,910GCRPNDPK-Outside,FALSE,,FALSE,,,,,
910GCRSHLTN,Carshalton,5,,TRUE,910GCRSHLTN-Outside,FALSE,,FALSE,,,,,
910GCTMSLNK,City Thameslink,1,,TRUE,910GCTMSLNK-Outside,FALSE,,FALSE,,,,,
910GDALS,Dalston Junction,2,,FALSE,910GDALS-Outside,FALSE,,FALSE,,,,,
910GDALSKLD,Dalston Kingsland,2,,FALSE,910GDALSKLD-Outside,FALSE,,FALSE,,,,,
910GDARTFD,Dartford,8,,FALSE,910GDARTFD-Outside,FALSE,,FALSE,,,,,
910GDENMRKH,Denmark Hill,2,,TRUE,910GDENMRKH-Outside,FALSE,,FALSE,,,Partial,,
910GDEPTFD,Deptford,2,,FALSE,910GDEPTFD-Outside,FALSE,,FALSE,,,,,
910GEDMNGRN,Edmonton Green,4,,TRUE,910GEDMNGRN-Outside,FALSE,,FALSE,,,,,
910GELTR,Elstree & Borehamwood,6,,TRUE,910GELTR-Outside,FALSE,,FALSE,,,,,
910GEMRSPKH,Emerson Park,6,,FALSE,910GEMRSPKH-Outside,FALSE,,FALSE,,,,,
910GENFLDTN,Enfield Town,5,,TRUE,910GENFLDTN-Outside,FALSE,,FALSE,,,,,
910GESTFLDS,Mitcham Eastfields,3,,FALSE,910GESTFLDS-Outside,FALSE,,FALSE,,,,,
910GFNCHLYR,Finchley Road & Frognal,2,,TRUE,910GFNCHLYR-Outside,FALSE,,FALSE,,,,,
910GFORESTH,Forest Hill,3,,FALSE,910GFORESTH-Outside,TRUE,1,FALSE,,,Partial,,
910GFRSTGT,Forest Gate,3,,FALSE,910GFRSTGT-Outside,FALSE,,FALSE,,,,,
910GGIDEAPK,Gidea Park,6,,TRUE,910GGIDEAPK-Outside,FALSE,,FALSE,,,,,
910GGODMAYS,Goodmayes,4,,TRUE,910GGODMAYS-Outside,FALSE,,FALSE,,,,,
910GGOSPLOK,Gospel Oak,2,,TRUE,910GGOSPLOK-Outside,FALSE,,FALSE,,,,,
910GHACKNYC,Hackney Central,2,,TRUE,910GHACKNYC-Outside,FALSE,,FALSE,,,,,
910GHACKNYW,Hackney Wick,2,,FALSE,910GHACKNYW-Outside,FALSE,,FALSE,,,,,
910GHAGGERS,Haggerston,2,,FALSE,910GHAGGERS-Outside,FALSE,,FALSE,,,,,
910GHAKNYNM,Hackney Downs,2,,TRUE,910GHAKNYNM-Outside,FALSE,,FALSE,,,,,
910GHANWELL,Hanwell,4,,FALSE,910GHANWELL-Outside,FALSE,,FALSE,,,,,
910GHAYESAH,Hayes & Harlington,5,,FALSE,910GHAYESAH-Outside,FALSE,,FALSE,,,,,
910GHDON,Hendon,3|4,,TRUE,910GHDON-Outside,FALSE,,FALSE,,,,,
910GHEDSTNL,Headstone Lane,5,,TRUE,910GHEDSTNL-Outside,FALSE,,FALSE,,,,,
910GHERNEH,Herne Hill,2|3,,FALSE,910GHERNEH-Outside,FALSE,,FALSE,,,,,
910GHGHMSPK,Highams Park,4,,TRUE,910GHGHMSPK-Outside,TRUE,2,FALSE,,,,,
910GHKBG,Hackbridge,4,,FALSE,910GHKBG-Outside,FALSE,,FALSE,,,,,
910GHMPSTDH,Hampstead Heath,2,,TRUE,910GHMPSTDH-Outside,FALSE,,FALSE,,,,,
910GHOMRTON,Homerton,2,,TRUE,910GHOMRTON-Outside,FALSE,,FALSE,,,,,
910GHONROPK,Honor Oak Park,3,,TRUE,910GHONROPK-Outside,FALSE,,FALSE,,,,,
910GHOXTON,Hoxton,1|2,,FALSE,910GHOXTON-Outside,FALSE,,FALSE,,,,,
910GHRGYGL,Harringay Green Lanes,3,,FALSE,910GHRGYGL-Outside,FALSE,,FALSE,,,,,
910GHRLDWOD,Harold Wood,6,,FALSE,910GHRLDWOD-Outside,TRUE,2,FALSE,,,,,
910GHTCHEND,Hatch End,6,,FALSE,910GHTCHEND-Outside,TRUE,2,FALSE,,,,,
910GHYDNSRD,Haydons Road,3,,FALSE,910GHYDNSRD-Outside,FALSE,,FALSE,,,,,
910GILFORD,Ilford,4,,FALSE,910GILFORD-Outside,FALSE,,FALSE,,,,,
910GIVER,Iver,Outside,,FALSE,910GIVER-Outside,FALSE,,FALSE,,,,,
910GKENR,Kensal Rise,2,,TRUE,910GKENR-Outside,FALSE,,FALSE,,,,,
910GKLBRNHR,Kilburn High Road,2,,TRUE,910GKLBRNHR-Outside,FALSE,,FALSE,,,,,
910GKNTSHTW,Kentish Town West,2,,FALSE,910GKNTSHTW-Outside,FALSE,,FALSE,,,,,
910GLANGLEY,Langley,Outside,,FALSE,910GLANGLEY-Outside,FALSE,,FALSE,,,,,
910GLBGHJN,Loughborough Junction,2,,TRUE,910GLBGHJN-Outside,FALSE,,FALSE,,,,,
910GLEYTNMR,Leyton Midland Road,3,,TRUE,910GLEYTNMR-Outside,FALSE,,FALSE,,,,,
910GLONFLDS,London Fields,2,,TRUE,910GLONFLDS-Outside,FALSE,,FALSE,,,,,
910GLYTNSHR,Leytonstone High Road,3,,FALSE,910GLYTNSHR-Outside,FALSE,,FALSE,,,,,
910GMANRPK,Manor Park,3|4,,TRUE,910GMANRPK-Outside,FALSE,,FALSE,,,,,
910GMAZEH,Maze Hill,3,,FALSE,910GMAZEH-Outside,FALSE,,FALSE,,,,,
910GMDNHEAD,Maidenhead,Outside,,TRUE,910GMDNHEAD-Outside,FALSE,,FALSE,,,,,
910GMLHB,Mill Hill Broadway,4,,TRUE,910GMLHB-Outside,FALSE,,FALSE,,,,,
910GMORDENS,Morden South,4,,FALSE,910GMORDENS-Outside,FALSE,,FALSE,,,,,
910GMRYLAND,Maryland,3,,TRUE,910GMRYLAND-Outside,FALSE,,FALSE,,,,,
910GNBARNET,New Barnet,5,,TRUE,910GNBARNET-Outside,FALSE,,FALSE,,,,,
910GNEWSGAT,New Southgate,4,,FALSE,910GNEWSGAT-Outside,FALSE,,FALSE,,,,,
910GNUNHEAD,Nunhead,2,,FALSE,910GNUNHEAD-Outside,FALSE,,FALSE,,,,,
910GOKLGHPK,Oakleigh Park,4,,TRUE,910GOKLGHPK-Outside,FALSE,,FALSE,,,,,
910GORPNGTN,Orpington,6,,FALSE,910GORPNGTN-Outside,FALSE,,FALSE,,,,,
910GPCKHMQD,Queens Road Peckham,2,,TRUE,910GPCKHMQD-Outside,FALSE,,FALSE,,,Partial,,
910GPCKHMRY,Peckham Rye,2,,FALSE,910GPCKHMRY-Outside,FALSE,,FALSE,,,,,
910GPENEW,Penge West,4,,TRUE,910GPENEW-Outside,TRUE,2,FALSE,,,,,
910GPETSWD,Petts Wood,5,,FALSE,910GPETSWD-Outside,FALSE,,FALSE,,,,,
910GPLMS,Plumstead,4,,FALSE,910GPLMS-Outside,FALSE,,FALSE,,,,,
910GPURLEY,Purley,6,,TRUE,910GPURLEY-Outside,FALSE,,FALSE,,,,,
910GRBRN,Ravensbourne,4,,FALSE,910GRBRN-Outside,FALSE,,FALSE,,,,,
910GRCTRYRD,Rectory Road,2,,TRUE,910GRCTRYRD-Outside,FALSE,,FALSE,,,,,
910GRDNGSTN,Reading,Outside,,FALSE,910GRDNGSTN-Outside,FALSE,,FALSE,,,,,
910GROMFORD,Romford,6,,TRUE,910GROMFORD-Outside,FALSE,,FALSE,,,Partial,,
910GRTHERHI,Rotherhithe,2,,FALSE,910GRTHERHI-Outside,FALSE,,FALSE,,,,,
910GSACTON,South Acton,3,,TRUE,910GSACTON-Outside,FALSE,,FALSE,,,,,
910GSBURY,Southbury,5,,TRUE,910GSBURY-Outside,FALSE,,FALSE,,,,,
910GSCROYDN,South Croydon,5,,TRUE,910GSCROYDN-Outside,FALSE,,FALSE,,,,,
910GSHENFLD,Shenfield,Outside,,TRUE,910GSHENFLD-Outside,FALSE,,FALSE,,,Partial,,
910GSHLIER,St Helier (London),4,,FALSE,910GSHLIER-Outside,FALSE,,FALSE,,,,,
910GSHMPSTD,South Hampstead,2,,FALSE,910GSHMPSTD-Outside,FALSE,,FALSE,,,,,
910GSHRDHST,Shoreditch High Street,1,,FALSE,910GSHRDHST-Outside,FALSE,,FALSE,,,,,
910GSHRTLND,Shortlands,4,,FALSE,910GSHRTLND-Outside,FALSE,,FALSE,,,,,
910GSIVRST,Silver Street,4,,TRUE,910GSIVRST-Outside,FALSE,,FALSE,,,,,
910GSLADEGN,Slade Green,6,,FALSE,910GSLADEGN-Outside,FALSE,,FALSE,,,,,
910GSLOUGH,Slough,Outside,,TRUE,910GSLOUGH-Outside,FALSE,,FALSE,,,,,
910GSMERTON,South Merton,4,,FALSE,910GSMERTON-Outside,FALSE,,FALSE,,,,,
910GSTHALL,Southall,4,,FALSE,910GSTHALL-Outside,FALSE,,FALSE,,,,,
910GSTJMSST,St James Street,3,,TRUE,910GSTJMSST-Outside,FALSE,,FALSE,,,,,
910GSTKNWNG,Stoke Newington,2,,TRUE,910GSTKNWNG-Outside,FALSE,,FALSE,,,,,
910GSTMFDHL,Stamford Hill,3,,TRUE,910GSTMFDHL-Outside,FALSE,,FALSE,,,,,
910GSTMRYC,St Mary Cray,6,,FALSE,910GSTMRYC-Outside,FALSE,,FALSE,,,,,
910GSTOTNHM,South Tottenham,3,,FALSE,910GSTOTNHM-Outside,FALSE,,FALSE,,,,,
910GSTRETHM,Streatham,3,,TRUE,910GSTRETHM-Outside,FALSE,,FALSE,,,,,
910GSURREYQ,Surrey Quays,2,,FALSE,910GSURREYQ-Outside,FALSE,,FALSE,,,,,
910GSUTTON,Sutton,5,,TRUE,910GSUTTON-Outside,FALSE,,FALSE,,,,,
910GSUTTONC,Sutton Common,4,,FALSE,910GSUTTONC-Outside,FALSE,,FALSE,,,,,
910GSVNKNGS,Seven Kings,4,,TRUE,910GSVNKNGS-Outside,FALSE,,FALSE,,,,,
910GSWLY,Swanley,8,,FALSE,910GSWLY-Outside,FALSE,,FALSE,,,,,
910GTAPLOW,Taplow,Outside,,FALSE,910GTAPLOW-Outside,FALSE,,FALSE,,,,,
910GTHBLDSG,Theobalds Grove,7,,TRUE,910GTHBLDSG-Outside,FALSE,,FALSE,,,,,
910GTOOTING,Tooting,3,,TRUE,910GTOOTING-Outside,FALSE,,FALSE,,,,,
910GTULSEH,Tulse Hill,3,,TRUE,910GTULSEH-Outside,FALSE,,FALSE,,,,,
910GTURKYST,Turkey Street,6,,TRUE,910GTURKYST-Outside,FALSE,,FALSE,,,,,
910GTWYFORD,Twyford,Outside,,TRUE,910GTWYFORD-Outside,FALSE,,FALSE,,,,,
910GUPRHLWY,Upper Holloway,2,,FALSE,910GUPRHLWY-Outside,FALSE,,FALSE,,,,,
910GWAPPING,Wapping,2,,FALSE,910GWAPPING-Outside,FALSE,,FALSE,,,,,
910GWATFDHS,Watford High Street,8,,TRUE,910GWATFDHS-Outside,FALSE,,FALSE,,,,,
910GWCOMBEP,Westcombe Park,3,,FALSE,910GWCOMBEP-Outside,FALSE,,FALSE,,,,,
910GWDGRNPK,Woodgrange Park,3|4,,TRUE,910GWDGRNPK-Outside,FALSE,,FALSE,,,,,
910GWDRYTON,West Drayton,6,,FALSE,910GWDRYTON-Outside,FALSE,,FALSE,,,,,
910GWDST,Wood Street,4,,TRUE,910GWDST-Outside,FALSE,,FALSE,,,,,
910GWEALING,West Ealing,3,,FALSE,910GWEALING-Outside,FALSE,,FALSE,,,,,
910GWHHRTLA,White Hart Lane,3,,TRUE,910GWHHRTLA-Outside,FALSE,,FALSE,,,,,
910GWHMDSTD,West Hampstead,2,HUBWHD,TRUE,910GWHMDSTD-Outside,FALSE,,FALSE,,,,,
910GWHMPSTM,West Hampstead Thameslink,2,HUBWHD,TRUE,910GWHMPSTM-Outside,FALSE,,FALSE,,,,,
910GWIMLCHS,Wimbledon Chase,3,,FALSE,910GWIMLCHS-Outside,FALSE,,FALSE,,,,,
910GWLTHQRD,Walthamstow Queen's Road,3,,FALSE,910GWLTHQRD-Outside,FALSE,,FALSE,,,,,
910GWNDSWRD,Wandsworth Road,2,,FALSE,910GWNDSWRD-Outside,FALSE,,FALSE,,,,,
910GWNSTDPK,Wanstead Park,3,,FALSE,910GWNSTDPK-Outside,FALSE,,FALSE,,,,,
910GWSUTTON,West Sutton,5,,FALSE,910GWSUTTON-Outside,FALSE,,FALSE,,,,,
940GZZALGWP,IFS Cloud Greenwich Peninsula,Outside,HUBNGW,FALSE,940GZZALGWP-Outside,FALSE,,FALSE,,Full,,,
940GZZALRDK,IFS Cloud Royal Docks,Outside,HUBRVC,FALSE,940GZZALRDK-Outside,FALSE,,FALSE,,,,,
940GZZCRADD,Addiscombe,Trams fare zone,,FALSE,940GZZCRADD-Outside,FALSE,,FALSE,,,,,
940GZZCRADV,Addington Village,Trams fare zone,,FALSE,940GZZCRADV-Outside,FALSE,,FALSE,,,,,
940GZZCRAMP,Ampere Way,Trams fare zone,,FALSE,940GZZCRAMP-Outside,FALSE,,FALSE,,,,,
940GZZCRARA,Arena,Trams fare zone,,FALSE,940GZZCRARA-Outside,FALSE,,FALSE,,,,,
940GZZCRAVE,Avenue Road,Trams fare zone,,FALSE,940GZZCRAVE-Outside,FALSE,,FALSE,,,,,
940GZZCRBED,Beddington Lane,Trams fare zone,,FALSE,940GZZCRBED-Outside,FALSE,,FALSE,,,,,
940GZZCRBGV,Belgrave Walk,Trams fare zone,,FALSE,940GZZCRBGV-Outside,FALSE,,FALSE,,,,,
940GZZCRBLA,Blackhorse Lane,Trams fare zone,,FALSE,940GZZCRBLA-Outside,FALSE,,FALSE,,,,,
940GZZCRBRD,Beckenham Road,Trams fare zone,,FALSE,940GZZCRBRD-Outside,FALSE,,FALSE,,,,,
940GZZCRCEN,George Street,Trams fare zone,,FALSE,940GZZCRCEN-Outside,FALSE,,FALSE,,,,,
940GZZCRCHR,Church Street,Trams fare zone,,FALSE,940GZZCRCHR-Outside,FALSE,,FALSE,,,,,
940GZZCRCOO,Coombe Lane,Trams fare zone,,FALSE,940GZZCRCOO-Outside,FALSE,,FALSE,,,,,
940GZZCRCTR,Centrale,Trams fare zone,,FALSE,940GZZCRCTR-Outside,FALSE,,FALSE,,,,,
940GZZCRDDR,Dundonald Road,Trams fare zone,,FALSE,940GZZCRDDR-Outside,FALSE,,FALSE,,,,,
940GZZCRFLD,Fieldway,Trams fare zone,,FALSE,940GZZCRFLD-Outside,FALSE,,FALSE,,,,,
940GZZCRGRA,Gravel Hill,Trams fare zone,,FALSE,940GZZCRGRA-Outside,FALSE,,FALSE,,,,,
940GZZCRHAR,Harrington Road,Trams fare zone,,FALSE,940GZZCRHAR-Outside,FALSE,,FALSE,,,,,
940GZZCRKGH,King Henry's Drive,Trams fare zone,,FALSE,940GZZCRKGH-Outside,FALSE,,FALSE,,,,,
940GZZCRLEB,Lebanon Road,Trams fare zone,,FALSE,940GZZCRLEB-Outside,FALSE,,FALSE,,,,,
940GZZCRLOY,Lloyd Park,Trams fare zone,,FALSE,940GZZCRLOY-Outside,FALSE,,FALSE,,,,,
940GZZCRMCH,Mitcham,Trams fare zone,,FALSE,940GZZCRMCH-Outside,FALSE,,FALSE,,,,,
940GZZCRMDN,Morden Road,Trams fare zone,,FALSE,940GZZCRMDN-Outside,FALSE,,FALSE,,,,,
940GZZCRMTP,Merton Park,Trams fare zone,,FALSE,940GZZCRMTP-Outside,FALSE,,FALSE,,,,,
940GZZCRNWA,New Addington,Trams fare zone,,FALSE,940GZZCRNWA-Outside,FALSE,,FALSE,,,,,
940GZZCRPHI,Phipps Bridge,Trams fare zone,,FALSE,940GZZCRPHI-Outside,FALSE,,FALSE,,,,,
940GZZCRRVC,Reeves Corner,Trams fare zone,,FALSE,940GZZCRRVC-Outside,FALSE,,FALSE,,,,,
940GZZCRSAN,Sandilands,Trams fare zone,,FALSE,940GZZCRSAN-Outside,FALSE,,FALSE,,,,,
940GZZCRTPA,Therapia Lane,Trams fare zone,,FALSE,940GZZCRTPA-Outside,FALSE,,FALSE,,,,,
940GZZCRWAD,Waddon Marsh,Trams fare zone,,FALSE,940GZZCRWAD-Outside,FALSE,,FALSE,,,,,
940GZZCRWAN,Wandle Park,Trams fare zone,,FALSE,940GZZCRWAN-Outside,FALSE,,FALSE,,,,,
940GZZCRWEL,Wellesley Road,Trams fare zone,,FALSE,940GZZCRWEL-Outside,FALSE,,FALSE,,,,,
940GZZCRWOD,Woodside,Trams fare zone,,FALSE,940GZZCRWOD-Outside,FALSE,,FALSE,,,,,
940GZZDLABR,Abbey Road,2|3,,FALSE,940GZZDLABR-Outside,FALSE,,FALSE,Full,,,,
940GZZDLALL,All Saints,2,,FALSE,940GZZDLALL-Outside,FALSE,,FALSE,,,,,
940GZZDLBEC,Beckton,3,,FALSE,940GZZDLBEC-Outside,FALSE,,FALSE,,,,,
940GZZDLBLA,Blackwall,2,,FALSE,940GZZDLBLA-Outside,FALSE,,FALSE,,,,,
940GZZDLBOW,Bow Church,2,,FALSE,940GZZDLBOW-Outside,FALSE,,FALSE,,,,,
940GZZDLBPK,Beckton Park,3,,FALSE,940GZZDLBPK-Outside,FALSE,,FALSE,,,,,
940GZZDLCLA,Crossharbour,2,,FALSE,940GZZDLCLA-Outside,FALSE,,FALSE,,,,,
HUBCUS,Custom House for ExCel,3,HUBCUS,FALSE,HUBCUS-Outside,FALSE,,FALSE,,,,,
940GZZDLCYP,Cyprus,3,,FALSE,940GZZDLCYP-Outside,FALSE,,FALSE,,,,,
940GZZDLDEP,Deptford Bridge,2|3,,FALSE,940GZZDLDEP-Outside,FALSE,,FALSE,,,,,
940GZZDLDEV,Devons Road,2,,FALSE,940GZZDLDEV-Outside,FALSE,,FALSE,,,,,
940GZZDLEIN,East India,2|3,,FALSE,940GZZDLEIN-Outside,FALSE,,FALSE,,,,,
940GZZDLELV,Elverson Road,2|3,,FALSE,940GZZDLELV-Outside,FALSE,,FALSE,,,,,
940GZZDLGAL,Gallions Reach,3,,FALSE,940GZZDLGAL-Outside,FALSE,,FALSE,,,,,
940GZZDLHEQ,Heron Quays,2,,FALSE,940GZZDLHEQ-Outside,FALSE,,FALSE,,,,,
940GZZDLISL,Island Gardens,2,,FALSE,940GZZDLISL-Outside,FALSE,,FALSE,,,,,
940GZZDLKGV,King George V,3,,FALSE,940GZZDLKGV-Outside,FALSE,,FALSE,,,,,
940GZZDLLDP,Langdon Park,2,,FALSE,940GZZDLLDP-Outside,FALSE,,FALSE,,,,,
940GZZDLMUD,Mudchute,2,,FALSE,940GZZDLMUD-Outside,FALSE,,FALSE,,,,,
940GZZDLPDK,Pontoon Dock,3,,FALSE,940GZZDLPDK-Outside,FALSE,,FALSE,,,,,
940GZZDLPOP,Poplar,2,,FALSE,940GZZDLPOP-Outside,FALSE,,FALSE,,,,,
940GZZDLPRE,Prince Regent,3,,FALSE,940GZZDLPRE-Outside,FALSE,,FALSE,,,,,
940GZZDLPUD,Pudding Mill Lane,2|3,,FALSE,940GZZDLPUD-Outside,FALSE,,FALSE,,,,,
940GZZDLRAL,Royal Albert,3,,FALSE,940GZZDLRAL-Outside,FALSE,,FALSE,,,,,
940GZZDLRVC,Royal Victoria,3,HUBRVC,FALSE,940GZZDLRVC-Outside,FALSE,,FALSE,,,,,Full
940GZZDLSHS,Stratford High Street,2|3,,FALSE,940GZZDLSHS-Outside,FALSE,,FALSE,Full,,,,
940GZZDLSIT,Stratford International,2|3,,FALSE,940GZZDLSIT-Outside,FALSE,,FALSE,Full,,Partial,,
940GZZDLSOQ,South Quay,2,,FALSE,940GZZDLSOQ-Outside,FALSE,,FALSE,,,,,
940GZZDLSTL,Star Lane,2|3,,FALSE,940GZZDLSTL-Outside,FALSE,,FALSE,Full,,Partial,,
940GZZDLWFE,Westferry,2,,FALSE,940GZZDLWFE-Outside,FALSE,,FALSE,,Full,,,
940GZZDLWIQ,West India Quay,2,,FALSE,940GZZDLWIQ-Outside,FALSE,,FALSE,,,,,
940GZZDLWSV,West Silvertown,3,,FALSE,940GZZDLWSV-Outside,FALSE,,FALSE,,,,,
940GZZLUACT,Acton Town,3,,TRUE,940GZZLUACT-Outside,FALSE,,FALSE,,,,,
940GZZLUACY,Archway,2|3,,TRUE,940GZZLUACY-Outside,FALSE,,FALSE,,,,,
940GZZLUADE,Aldgate East,1,,TRUE,940GZZLUADE-Outside,FALSE,,FALSE,,,,,
940GZZLUAGL,Angel,1,,TRUE,940GZZLUAGL-Outside,FALSE,,FALSE,,,,,
940GZZLUALD,Aldgate,1,,TRUE,940GZZLUALD-Outside,FALSE,,FALSE,,,,,
940GZZLUALP,Alperton,4,,TRUE,940GZZLUALP-Outside,FALSE,,FALSE,,,,,
940GZZLUASG,Arnos Grove,4,,TRUE,940GZZLUASG-Outside,FALSE,,FALSE,,,,,
940GZZLUASL,Arsenal,2,,TRUE,940GZZLUASL-Outside,FALSE,,FALSE,,,,,
940GZZLUBBB,Bromley-by-Bow,2|3,,TRUE,940GZZLUBBB-Outside,FALSE,,FALSE,,,,,
940GZZLUBBN,Barbican,1,,TRUE,940GZZLUBBN-Outside,FALSE,,FALSE,,,,,
940GZZLUBDS,Bounds Green,3|4,,TRUE,940GZZLUBDS-Outside,FALSE,,FALSE,,,,,
940GZZLUBEC,Becontree,5,,TRUE,940GZZLUBEC-Outside,FALSE,,FALSE,,,,,
940GZZLUBKE,Barkingside,4,,TRUE,940GZZLUBKE-Outside,TRUE,2,FALSE,,,,,
940GZZLUBKH,Buckhurst Hill,5,,TRUE,940GZZLUBKH-Outside,TRUE,,FALSE,,,,,
940GZZLUBLG,Bethnal Green,2,,TRUE,940GZZLUBLG-Outside,FALSE,,FALSE,,,,,
940GZZLUBMY,Bermondsey,2,,TRUE,940GZZLUBMY-Outside,FALSE,,FALSE,,,,,
HUBBDS,Bond Street,1,HUBBDS,FALSE,HUBBDS-Outside,FALSE,,FALSE,,,,,
940GZZLUBOR,Borough,1,,TRUE,940GZZLUBOR-Outside,FALSE,,FALSE,,,,,
940GZZLUBOS,Boston Manor,4,,TRUE,940GZZLUBOS-Outside,FALSE,,FALSE,,,,,
940GZZLUBSC,Barons Court,2,,TRUE,940GZZLUBSC-Outside,FALSE,,FALSE,,,,,
940GZZLUBST,Baker Street,1,,TRUE,940GZZLUBST-Outside,FALSE,,FALSE,,,,,
940GZZLUBTK,Burnt Oak,4,,TRUE,940GZZLUBTK-Outside,FALSE,,FALSE,,,,,
940GZZLUBTX,Brent Cross,3,,TRUE,940GZZLUBTX-Outside,FALSE,,FALSE,,,,,
940GZZLUBWR,Bow Road,2,,FALSE,940GZZLUBWR-Outside,FALSE,,FALSE,,,,,
940GZZLUBWT,Bayswater,1,,TRUE,940GZZLUBWT-Outside,FALSE,,FALSE,,,,,
940GZZLUBZP,Belsize Park,2,,TRUE,940GZZLUBZP-Outside,FALSE,,FALSE,,,,,
940GZZLUCAR,Caledonian Road,2,,TRUE,940GZZLUCAR-Outside,FALSE,,FALSE,,,,,
940GZZLUCFM,Chalk Farm,2,,TRUE,940GZZLUCFM-Outside,FALSE,,FALSE,,,,,
940GZZLUCGN,Covent Garden,1,,TRUE,940GZZLUCGN-Outside,FALSE,,FALSE,,,,,
940GZZLUCHL,Chancery Lane,1,,TRUE,940GZZLUCHL-Outside,FALSE,,FALSE,,,,,
940GZZLUCKS,Cockfosters,5,,TRUE,940GZZLUCKS-Outside,FALSE,,FALSE,,,,,
940GZZLUCND,Colindale,4,,TRUE,940GZZLUCND-Outside,FALSE,,FALSE,,,,,
940GZZLUCPC,Clapham Common,2,,TRUE,940GZZLUCPC-Outside,FALSE,,FALSE,,,,,
940GZZLUCPK,Canons Park,5,,TRUE,940GZZLUCPK-Outside,FALSE,,FALSE,,,,,
940GZZLUCPN,Clapham North,2,,TRUE,940GZZLUCPN-Outside,FALSE,,FALSE,,,,,
940GZZLUCPS,Clapham South,2|3,,TRUE,940GZZLUCPS-Outside,FALSE,,FALSE,,,,,
940GZZLUCSD,Colliers Wood,3,,TRUE,940GZZLUCSD-Outside,FALSE,,FALSE,,,,,
940GZZLUCSM,Chesham,9,,TRUE,940GZZLUCSM-Outside,TRUE,4,FALSE,,,,,
940GZZLUCTN,Camden Town,2,,TRUE,940GZZLUCTN-Outside,FALSE,,FALSE,,,,,
940GZZLUCWL,Chigwell,4,,TRUE,940GZZLUCWL-Outside,FALSE,,FALSE,,,,,
940GZZLUCWP,Chiswick Park,3,,TRUE,940GZZLUCWP-Outside,FALSE,,FALSE,,,,,
940GZZLUCXY,Croxley,7,,TRUE,940GZZLUCXY-Outside,FALSE,,FALSE,,,,,
940GZZLUDBN,Debden,6,,TRUE,940GZZLUDBN-Outside,TRUE,3,TRUE,,,,,
940GZZLUDGE,Dagenham East,5,,TRUE,940GZZLUDGE-Outside,FALSE,,FALSE,,,,,
940GZZLUDGY,Dagenham Heathway,5,,TRUE,940GZZLUDGY-Outside,FALSE,,FALSE,,,,,
940GZZLUDOH,Dollis Hill,3,,FALSE,940GZZLUDOH-Outside,FALSE,,FALSE,,,,,
940GZZLUEAE,Eastcote,5,,FALSE,940GZZLUEAE-Outside,FALSE,,FALSE,,,,,
940GZZLUEAN,East Acton,2,,TRUE,940GZZLUEAN-Outside,FALSE,,FALSE,,,,,
940GZZLUECM,Ealing Common,3,,TRUE,940GZZLUECM-Outside,FALSE,,FALSE,,,,,
940GZZLUECT,Earl's Court,1|2,,TRUE,940GZZLUECT-Outside,FALSE,,FALSE,,,,,
940GZZLUEFY,East Finchley,3,,TRUE,940GZZLUEFY-Outside,FALSE,,FALSE,,,,,
940GZZLUEGW,Edgware,5,,TRUE,940GZZLUEGW-Outside,FALSE,,TRUE,,,,,
940GZZLUEHM,East Ham,3|4,,TRUE,940GZZLUEHM-Outside,FALSE,,FALSE,,,,,
940GZZLUEMB,Embankment,1,,TRUE,940GZZLUEMB-Outside,FALSE,,FALSE,,,,,
940GZZLUEPG,Epping,6,,TRUE,940GZZLUEPG-Outside,TRUE,6,FALSE,,,,,
940GZZLUEPK,Elm Park,6,,TRUE,940GZZLUEPK-Outside,FALSE,,TRUE,,,,,
940GZZLUEPY,East Putney,2|3,,TRUE,940GZZLUEPY-Outside,FALSE,,FALSE,,,,,
940GZZLUERB,Edgware Road,1,,TRUE,940GZZLUERB-Outside,FALSE,,FALSE,,,,,
940GZZLUERC,Edgware Road,1,,TRUE,940GZZLUERC-Outside,FALSE,,FALSE,,,,,
940GZZLUESQ,Euston Square,1,,TRUE,940GZZLUESQ-Outside,FALSE,,FALSE,,,,,
940GZZLUFBY,Fulham Broadway,2,,TRUE,940GZZLUFBY-Outside,FALSE,,FALSE,,,,,
940GZZLUFLP,Fairlop,4,,TRUE,940GZZLUFLP-Outside,FALSE,,FALSE,,,,,
940GZZLUFYC,Finchley Central,4,,TRUE,940GZZLUFYC-Outside,TRUE,6,FALSE,,,,,
940GZZLUFYR,Finchley Road,2,,FALSE,940GZZLUFYR-Outside,FALSE,,FALSE,,,,,
940GZZLUGDG,Goodge Street,1,,TRUE,940GZZLUGDG-Outside,FALSE,,FALSE,,,,,
940GZZLUGGH,Grange Hill,4,,TRUE,940GZZLUGGH-Outside,FALSE,,FALSE,,,,,
940GZZLUGGN,Golders Green,3,,TRUE,940GZZLUGGN-Outside,FALSE,,FALSE,,,,,
940GZZLUGHK,Goldhawk Road,2,,TRUE,940GZZLUGHK-Outside,FALSE,,FALSE,,,,,
940GZZLUGPK,Green Park,1,,TRUE,940GZZLUGPK-Outside,FALSE,,FALSE,,,,,
940GZZLUGPS,Great Portland Street,1,,TRUE,940GZZLUGPS-Outside,FALSE,,FALSE,,,,,
940GZZLUGTH,Gants Hill,4,,TRUE,940GZZLUGTH-Outside,FALSE,,FALSE,,,,,
940GZZLUGTR,Gloucester Road,1,,TRUE,940GZZLUGTR-Outside,FALSE,,FALSE,,,,,
940GZZLUHBN,Holborn,1,,TRUE,940GZZLUHBN-Outside,FALSE,,FALSE,,,,,
940GZZLUHBT,High Barnet,5,,TRUE,940GZZLUHBT-Outside,TRUE,5,FALSE,,,,,
940GZZLUHCH,Hornchurch,6,,TRUE,940GZZLUHCH-Outside,FALSE,,FALSE,,,,,
940GZZLUHCL,Hendon Central,3|4,,TRUE,940GZZLUHCL-Outside,FALSE,,FALSE,,,,,
940GZZLUHGD,Hillingdon,6,,TRUE,940GZZLUHGD-Outside,TRUE,6,FALSE,,,,,
940GZZLUHGR,Hanger Lane,3,,FALSE,940GZZLUHGR-Outside,FALSE,,FALSE,,,,,
940GZZLUHGT,Highgate,3,,TRUE,940GZZLUHGT-Outside,FALSE,,FALSE,,,,,
940GZZLUHLT,Hainault,4,,TRUE,940GZZLUHLT-Outside,TRUE,4,FALSE,,,,,
940GZZLUHNX,Hatton Cross,5|6,,TRUE,940GZZLUHNX-Outside,FALSE,,FALSE,,,,,
940GZZLUHPC,Hyde Park Corner,1,,TRUE,940GZZLUHPC-Outside,FALSE,,FALSE,,,,,
940GZZLUHPK,Holland Park,2,,TRUE,940GZZLUHPK-Outside,FALSE,,FALSE,,,,,
940GZZLUHSK,High Street Kensington,1,,TRUE,940GZZLUHSK-Outside,FALSE,,FALSE,,,,,
940GZZLUHTD,Hampstead,2|3,,TRUE,940GZZLUHTD-Outside,FALSE,,FALSE,,,,,
940GZZLUHWC,Hounslow Central,4,,TRUE,940GZZLUHWC-Outside,FALSE,,FALSE,,,,,
940GZZLUHWE,Hounslow East,4,,TRUE,940GZZLUHWE-Outside,TRUE,2,FALSE,,,,,
940GZZLUHWT,Hounslow West,5,,TRUE,940GZZLUHWT-Outside,TRUE,10,FALSE,,,,,
940GZZLUHWY,Holloway Road,2,,TRUE,940GZZLUHWY-Outside,FALSE,,FALSE,,,,,
940GZZLUICK,Ickenham,6,,TRUE,940GZZLUICK-Outside,FALSE,,FALSE,,,,,
940GZZLUKBN,Kilburn,2,,TRUE,940GZZLUKBN-Outside,FALSE,,FALSE,,,,,
940GZZLUKBY,Kingsbury,4,,TRUE,940GZZLUKBY-Outside,FALSE,,FALSE,,,,,
940GZZLUKNB,Knightsbridge,1,,TRUE,940GZZLUKNB-Outside,FALSE,,FALSE,,,,,
940GZZLUKNG,Kennington,1|2,,TRUE,940GZZLUKNG-Outside,FALSE,,FALSE,,,,,
940GZZLUKPK,Kilburn Park,2,,TRUE,940GZZLUKPK-Outside,FALSE,,FALSE,,,,,
940GZZLULAD,Ladbroke Grove,2,,TRUE,940GZZLULAD-Outside,FALSE,,FALSE,,,,,
940GZZLULBN,Lambeth North,1,,TRUE,940GZZLULBN-Outside,FALSE,,FALSE,,,,,
940GZZLULGN,Loughton,6,,TRUE,940GZZLULGN-Outside,FALSE,,FALSE,,,,,
940GZZLULGT,Lancaster Gate,1,,TRUE,940GZZLULGT-Outside,FALSE,,FALSE,,,,,
940GZZLULRD,Latimer Road,2,,TRUE,940GZZLULRD-Outside,FALSE,,FALSE,,,,,
940GZZLULSQ,Leicester Square,1,,TRUE,940GZZLULSQ-Outside,FALSE,,FALSE,,,,,
940GZZLULYN,Leyton,3,,TRUE,940GZZLULYN-Outside,FALSE,,FALSE,,,,,
940GZZLULYS,Leytonstone,3|4,,TRUE,940GZZLULYS-Outside,FALSE,,FALSE,,,,,
940GZZLUMBA,Marble Arch,1,,TRUE,940GZZLUMBA-Outside,FALSE,,FALSE,,,,,
940GZZLUMDN,Morden,4,,TRUE,940GZZLUMDN-Outside,FALSE,,FALSE,,,,,
940GZZLUMED,Mile End,2,,TRUE,940GZZLUMED-Outside,FALSE,,FALSE,,,,,
940GZZLUMHL,Mill Hill East,4,,TRUE,940GZZLUMHL-Outside,FALSE,,FALSE,,,,,
940GZZLUMMT,Monument,1,,TRUE,940GZZLUMMT-Outside,FALSE,,FALSE,,,,,
940GZZLUMPK,Moor Park,6|7,,TRUE,940GZZLUMPK-Outside,FALSE,,FALSE,,,,,
940GZZLUMRH,Manor House,2|3,,TRUE,940GZZLUMRH-Outside,FALSE,,FALSE,,,,,
940GZZLUMSH,Mansion House,1,,TRUE,940GZZLUMSH-Outside,FALSE,,FALSE,,,,,
940GZZLUMTC,Mornington Crescent,2,,TRUE,940GZZLUMTC-Outside,FALSE,,FALSE,,,,,
940GZZLUMVL,Maida Vale,2,,TRUE,940GZZLUMVL-Outside,FALSE,,FALSE,,,,,
940GZZLUNAN,North Acton,2|3,,TRUE,940GZZLUNAN-Outside,FALSE,,FALSE,,,,,
940GZZLUNBP,Newbury Park,4,,TRUE,940GZZLUNBP-Outside,TRUE,6,TRUE,,,,,
940GZZLUNDN,Neasden,3,,TRUE,940GZZLUNDN-Outside,FALSE,,FALSE,,,,,
940GZZLUNEN,North Ealing,3,,TRUE,940GZZLUNEN-Outside,FALSE,,FALSE,,,,,
940GZZLUNFD,Northfields,3,,TRUE,940GZZLUNFD-Outside,FALSE,,FALSE,,,,,
940GZZLUNGW,North Greenwich,2|3,HUBNGW,TRUE,940GZZLUNGW-Outside,TRUE,19,TRUE,Full,Full,,,Full
940GZZLUNHA,North Harrow,5,,TRUE,940GZZLUNHA-Outside,FALSE,,FALSE,,,,,
940GZZLUNHG,Notting Hill Gate,1|2,,TRUE,940GZZLUNHG-Outside,FALSE,,FALSE,,,,,
940GZZLUNHT,Northolt,5,,TRUE,940GZZLUNHT-Outside,FALSE,,FALSE,,,,,
940GZZLUNKP,Northwick Park,4,,TRUE,940GZZLUNKP-Outside,FALSE,,FALSE,,,,,
940GZZLUNOW,Northwood,6,,TRUE,940GZZLUNOW-Outside,FALSE,,FALSE,,,,,
940GZZLUNWH,Northwood Hills,6,,TRUE,940GZZLUNWH-Outside,FALSE,,FALSE,,,,,
940GZZLUOAK,Oakwood,5,,TRUE,940GZZLUOAK-Outside,TRUE,6,FALSE,,,,,
940GZZLUOSY,Osterley,4,,TRUE,940GZZLUOSY-Outside,FALSE,,FALSE,,,,,
940GZZLUOVL,Oval,2,,TRUE,940GZZLUOVL-Outside,FALSE,,FALSE,,,,,
940GZZLUOXC,Oxford Circus,1,,TRUE,940GZZLUOXC-Outside,FALSE,,FALSE,,,,,
940GZZLUPCC,Piccadilly Circus,1,,TRUE,940GZZLUPCC-Outside,FALSE,,FALSE,,,,,
940GZZLUPCO,Pimlico,1,,TRUE,940GZZLUPCO-Outside,FALSE,,FALSE,,,,,
940GZZLUPKR,Park Royal,3,,TRUE,940GZZLUPKR-Outside,FALSE,,FALSE,,,,,
940GZZLUPLW,Plaistow,3,,TRUE,940GZZLUPLW-Outside,FALSE,,FALSE,,,,,
940GZZLUPNR,Pinner,5,,TRUE,940GZZLUPNR-Outside,FALSE,,FALSE,,,,,
940GZZLUPRD,Preston Road,4,,TRUE,940GZZLUPRD-Outside,FALSE,,FALSE,,,,,
940GZZLUPSG,Parsons Green,2,,TRUE,940GZZLUPSG-Outside,FALSE,,FALSE,,,,,
940GZZLUPVL,Perivale,4,,TRUE,940GZZLUPVL-Outside,FALSE,,FALSE,,,,,
940GZZLUPYB,Putney Bridge,2,,FALSE,940GZZLUPYB-Outside,FALSE,,FALSE,,,,,
940GZZLUQBY,Queensbury,4,,TRUE,940GZZLUQBY-Outside,FALSE,,FALSE,,,,,
940GZZLUQWY,Queensway,1,,TRUE,940GZZLUQWY-Outside,FALSE,,FALSE,,,,,
940GZZLURBG,Redbridge,4,,TRUE,940GZZLURBG-Outside,FALSE,,FALSE,,,,,
940GZZLURGP,Regent's Park,1,,TRUE,940GZZLURGP-Outside,FALSE,,FALSE,,,,,
940GZZLURSG,Ruislip Gardens,5,,FALSE,940GZZLURSG-Outside,FALSE,,FALSE,,,,,
940GZZLURSM,Ruislip Manor,6,,TRUE,940GZZLURSM-Outside,FALSE,,FALSE,,,,,
940GZZLURSP,Ruislip,6,,TRUE,940GZZLURSP-Outside,TRUE,4,FALSE,,,,,
940GZZLURSQ,Russell Square,1,,TRUE,940GZZLURSQ-Outside,FALSE,,FALSE,,,,,
940GZZLURVP,Ravenscourt Park,2,,TRUE,940GZZLURVP-Outside,FALSE,,FALSE,,,,,
940GZZLURVY,Roding Valley,4,,TRUE,940GZZLURVY-Outside,FALSE,,FALSE,,,,,
940GZZLURYL,Rayners Lane,5,,TRUE,940GZZLURYL-Outside,TRUE,6,FALSE,,,,,
940GZZLURYO,Royal Oak,2,,TRUE,940GZZLURYO-Outside,FALSE,,FALSE,,,,,
940GZZLUSBM,Shepherd's Bush Market,2,,TRUE,940GZZLUSBM-Outside,FALSE,,FALSE,,,,,
940GZZLUSEA,South Ealing,3,,TRUE,940GZZLUSEA-Outside,FALSE,,FALSE,,,,,
940GZZLUSFB,Stamford Brook,2,,TRUE,940GZZLUSFB-Outside,FALSE,,FALSE,,,,,
940GZZLUSFS,Southfields,3,,TRUE,940GZZLUSFS-Outside,FALSE,,TRUE,,,,,
940GZZLUSGN,Stepney Green,2,,TRUE,940GZZLUSGN-Outside,FALSE,,FALSE,,,,,
940GZZLUSGT,Southgate,4,,TRUE,940GZZLUSGT-Outside,FALSE,,FALSE,,,,,
940GZZLUSHH,South Harrow,5,,TRUE,940GZZLUSHH-Outside,FALSE,,FALSE,,,,,
940GZZLUSJP,St James's Park,1,,TRUE,940GZZLUSJP-Outside,FALSE,,FALSE,,,,,
940GZZLUSJW,St John's Wood,2,,TRUE,940GZZLUSJW-Outside,FALSE,,FALSE,,,,,
940GZZLUSKS,South Kensington,1,,TRUE,940GZZLUSKS-Outside,FALSE,,FALSE,,,,,
940GZZLUSKW,Stockwell,2,,TRUE,940GZZLUSKW-Outside,FALSE,,FALSE,,,,,
940GZZLUSNB,Snaresbrook,4,,TRUE,940GZZLUSNB-Outside,FALSE,,FALSE,,,,,
940GZZLUSPU,St Paul's,1,,TRUE,940GZZLUSPU-Outside,FALSE,,FALSE,,,,,
940GZZLUSSQ,Sloane Square,1,,TRUE,940GZZLUSSQ-Outside,FALSE,,FALSE,,,,,
940GZZLUSTM,Stanmore,5,,TRUE,940GZZLUSTM-Outside,TRUE,6,FALSE,,,,,
940GZZLUSUH,Sudbury Hill,4,,TRUE,940GZZLUSUH-Outside,FALSE,,FALSE,,,,,
940GZZLUSUT,Sudbury Town,4,,TRUE,940GZZLUSUT-Outside,TRUE,3,FALSE,,,,,
940GZZLUSWC,Swiss Cottage,2,,TRUE,940GZZLUSWC-Outside,FALSE,,FALSE,,,,,
940GZZLUSWF,South Woodford,4,,TRUE,940GZZLUSWF-Outside,TRUE,4,TRUE,,,,,
940GZZLUSWK,Southwark,1,,TRUE,940GZZLUSWK-Outside,FALSE,,FALSE,,,,,
940GZZLUSWN,South Wimbledon,3|4,,TRUE,940GZZLUSWN-Outside,FALSE,,FALSE,,,,,
940GZZLUTAW,Totteridge & Whetstone,4,,TRUE,940GZZLUTAW-Outside,FALSE,,FALSE,,,,,
940GZZLUTBC,Tooting Bec,3,,TRUE,940GZZLUTBC-Outside,FALSE,,FALSE,,,,,
940GZZLUTBY,Tooting Broadway,3,,TRUE,940GZZLUTBY-Outside,FALSE,,FALSE,,,,,
940GZZLUTFP,Tufnell Park,2,,TRUE,940GZZLUTFP-Outside,FALSE,,FALSE,,,,,
940GZZLUTHB,Theydon Bois,6,,TRUE,940GZZLUTHB-Outside,TRUE,3,FALSE,,,,,
940GZZLUTMP,Temple,1,,TRUE,940GZZLUTMP-Outside,FALSE,,FALSE,,,,,
940GZZLUTNG,Turnham Green,2|3,,TRUE,940GZZLUTNG-Outside,FALSE,,FALSE,,,,,
940GZZLUTPN,Turnpike Lane,3,,TRUE,940GZZLUTPN-Outside,FALSE,,FALSE,,,,,
940GZZLUTWH,Tower Hill,1,,TRUE,940GZZLUTWH-Outside,FALSE,,FALSE,,Full,,,
940GZZLUUPB,Upminster Bridge,6,,TRUE,940GZZLUUPB-Outside,FALSE,,FALSE,,,,,
940GZZLUUPK,Upton Park,3,,TRUE,940GZZLUUPK-Outside,FALSE,,FALSE,,,,,
940GZZLUUPY,Upney,4,,TRUE,940GZZLUUPY-Outside,FALSE,,FALSE,,,,,
940GZZLUUXB,Uxbridge,6,,TRUE,940GZZLUUXB-Outside,FALSE,,FALSE,,,,,
940GZZLUWAF,Watford,7,,FALSE,940GZZLUWAF-Outside,FALSE,,FALSE,,,,,
940GZZLUWCY,White City,2,,TRUE,940GZZLUWCY-Outside,FALSE,,FALSE,,,,,
940GZZLUWFN,West Finchley,4,,TRUE,940GZZLUWFN-Outside,FALSE,,FALSE,,,,,
940GZZLUWHP,West Hampstead,2,HUBWHD,TRUE,940GZZLUWHP-Outside,FALSE,,FALSE,,,,,
940GZZLUWHW,West Harrow,5,,TRUE,940GZZLUWHW-Outside,FALSE,,FALSE,,,,,
940GZZLUWIG,Willesden Green,2|3,,TRUE,940GZZLUWIG-Outside,FALSE,,FALSE,,,,,
940GZZLUWIP,Wimbledon Park,3,,TRUE,940GZZLUWIP-Outside,FALSE,,FALSE,,,,,
940GZZLUWKA,Warwick Avenue,2,,TRUE,940GZZLUWKA-Outside,FALSE,,FALSE,,,,,
940GZZLUWKN,West Kensington,2,,TRUE,940GZZLUWKN-Outside,FALSE,,FALSE,,,,,
940GZZLUWLA,Wood Lane,2,,TRUE,940GZZLUWLA-Outside,FALSE,,FALSE,,,,,
940GZZLUWOF,Woodford,4,,TRUE,940GZZLUWOF-Outside,TRUE,10,FALSE,,,,,
940GZZLUWOG,Wood Green,3,,TRUE,940GZZLUWOG-Outside,FALSE,,FALSE,,,,,
940GZZLUWOP,Woodside Park,4,,TRUE,940GZZLUWOP-Outside,TRUE,5,FALSE,,,,,
940GZZLUWRR,Warren Street,1,,TRUE,940GZZLUWRR-Outside,FALSE,,FALSE,,,,,
940GZZLUWSD,Wanstead,4,,TRUE,940GZZLUWSD-Outside,FALSE,,FALSE,,,,,
940GZZLUWSP,Westbourne Park,2,,TRUE,940GZZLUWSP-Outside,FALSE,,FALSE,,,,,
940GZZLUWTA,West Acton,3,,TRUE,940GZZLUWTA-Outside,FALSE,,FALSE,,,,,
940GZZLUWYP,Wembley Park,4,,TRUE,940GZZLUWYP-Outside,TRUE,6,FALSE,,,,,
HUBAMR,Amersham,9,HUBAMR,TRUE,HUBAMR-Outside,TRUE,,FALSE,,,Partial,,
HUBBAL,Balham,3,HUBBAL,TRUE,HUBBAL-Outside,FALSE,,FALSE,,,,,
HUBBAN,Bank,1,HUBBAN,TRUE,HUBBAN-Outside,FALSE,,FALSE,,,Partial,,
HUBBEK,Beckenham Junction,4|Trams fare zone,HUBBEK,FALSE,HUBBEK-Outside,TRUE,88,FALSE,,,Partial,,
HUBBFR,Blackfriars,1,HUBBFR,TRUE,HUBBFR-Outside,FALSE,,TRUE,,Partial,,,
HUBBHO,Blackhorse Road,3,HUBBHO,TRUE,HUBBHO-Outside,FALSE,,FALSE,,,,,
HUBBIR,Birkbeck,4|Trams fare zone,HUBBIR,FALSE,HUBBIR-Outside,FALSE,,FALSE,,,Partial,,
HUBBKG,Barking,4,HUBBKG,TRUE,HUBBKG-Outside,FALSE,,TRUE,Full,,Partial,,
HUBBRX,Brixton,2,HUBBRX,TRUE,HUBBRX-Outside,FALSE,,FALSE,Full,,,,
HUBBSH,Bushey,8,HUBBSH,FALSE,HUBBSH-Outside,FALSE,,FALSE,,,,,
HUBCAN,Canning Town,2|3,HUBCAN,TRUE,HUBCAN-Outside,FALSE,,FALSE,Full,,,,
HUBCAW,Canary Wharf,2,HUBCAW,TRUE,HUBCAW-Outside,FALSE,,FALSE,,Full,,,
HUBCFO,Chalfont & Latimer,8,HUBCFO,TRUE,HUBCFO-Outside,TRUE,5,FALSE,,,Partial,,
HUBCHX,Charing Cross,1,HUBCHX,TRUE,HUBCHX-Outside,FALSE,,FALSE,,,,,
HUBCLJ,Clapham Junction,2,HUBCLJ,FALSE,HUBCLJ-Outside,FALSE,,FALSE,,,Partial,,
HUBCLW,Chorleywood,7,HUBCLW,TRUE,HUBCLW-Outside,TRUE,6,FALSE,,,Partial,,
HUBCST,Cannon Street,1,HUBCST,TRUE,HUBCST-Outside,FALSE,,FALSE,,,,,
HUBCUT,Cutty Sark for Maritime Greenwich,2|3,HUBCUT,FALSE,HUBCUT-Outside,FALSE,,TRUE,,Full,,,
HUBCYP,Crystal Palace,3|4,HUBCYP,FALSE,HUBCYP-Outside,TRUE,2,FALSE,,,Partial,,
HUBEAL,Ealing Broadway,3,HUBEAL,TRUE,HUBEAL-Outside,FALSE,,FALSE,,,Partial,,
HUBECY,East Croydon,5|Trams fare zone,HUBECY,FALSE,HUBECY-Outside,FALSE,,FALSE,,,Partial,,
HUBELM,Elmers End,4|Trams fare zone,HUBELM,FALSE,HUBELM-Outside,TRUE,108,FALSE,,,Partial,,
HUBEPH,Elephant & Castle,1|2,HUBEPH,TRUE,HUBEPH-Outside,FALSE,,FALSE,,,,,
HUBEUS,Euston,1,HUBEUS,TRUE,HUBEUS-Outside,FALSE,,TRUE,,,Partial,,
HUBFPK,Finsbury Park,2,HUBFPK,TRUE,HUBFPK-Outside,FALSE,,TRUE,,,Partial,,
HUBGFD,Greenford,4,HUBGFD,TRUE,HUBGFD-Outside,FALSE,,FALSE,,,Partial,,
HUBGNW,Greenwich,2|3,HUBGNW,FALSE,HUBGNW-Outside,TRUE,1,FALSE,,,Partial,,
HUBGUN,Gunnersbury,3,HUBGUN,FALSE,HUBGUN-Outside,FALSE,,FALSE,,,,,
HUBH13,Heathrow Terminals 2 & 3,6,HUBH13,TRUE,HUBH13-Outside,FALSE,,TRUE,Full,,,Full,
HUBHDN,Harlesden,3,HUBHDN,TRUE,HUBHDN-Outside,FALSE,,FALSE,,,,,
HUBHHY,Highbury & Islington,2,HUBHHY,TRUE,HUBHHY-Outside,FALSE,,FALSE,,,Partial,,
HUBHMS,Hammersmith,2,HUBHMS,TRUE,HUBHMS-Outside,FALSE,,FALSE,Full,,,,
HUBHOH,Harrow-on-the-Hill,5,HUBHOH,TRUE,HUBHOH-Outside,FALSE,,FALSE,,,Partial,,
HUBHRW,Harrow & Wealdstone,5,HUBHRW,TRUE,HUBHRW-Outside,TRUE,5,FALSE,,,Partial,,
HUBHX4,Heathrow Terminal 4,6,HUBHX4,TRUE,HUBHX4-Outside,FALSE,,TRUE,,,,Full,
HUBHX5,Heathrow Terminal 5,6,HUBHX5,FALSE,HUBHX5-Outside,FALSE,,TRUE,,,,Full,
HUBIMP,Imperial Wharf,2,HUBIMP,FALSE,HUBIMP-Outside,FALSE,,FALSE,,,,,
HUBKGX,King's Cross St Pancras,1,HUBKGX,TRUE,HUBKGX-Outside,FALSE,,TRUE,,,Partial,,
HUBKNL,Kensal Green,2,HUBKNL,FALSE,HUBKNL-Outside,FALSE,,FALSE,,,,,
HUBKNT,Kenton,4,HUBKNT,TRUE,HUBKNT-Outside,FALSE,,FALSE,,,,,
HUBKPA,Kensington (Olympia),2,HUBKPA,TRUE,HUBKPA-Outside,FALSE,,FALSE,,,Partial,,
HUBKTN,Kentish Town,2,HUBKTN,TRUE,HUBKTN-Outside,FALSE,,FALSE,,,,,
HUBKWG,Kew Gardens,3|4,HUBKWG,TRUE,HUBKWG-Outside,FALSE,,FALSE,,,,,
HUBLBG,London Bridge,1,HUBLBG,TRUE,HUBLBG-Outside,FALSE,,TRUE,Full,,Partial,,
HUBLCY,London City Airport,3,HUBLCY,FALSE,HUBLCY-Outside,FALSE,,FALSE,,,,Full,
HUBLEW,Lewisham,2|3,HUBLEW,FALSE,HUBLEW-Outside,FALSE,,FALSE,Full,,Partial,,
HUBLHS,Limehouse,2,HUBLHS,FALSE,HUBLHS-Outside,FALSE,,FALSE,,,Partial,,
HUBLST,Liverpool Street,1,HUBLST,TRUE,HUBLST-Outside,FALSE,,TRUE,Full,,Partial,,
HUBMJT,Mitcham Junction,4|Trams fare zone,HUBMJT,FALSE,HUBMJT-Outside,TRUE,18,FALSE,,,Partial,,
HUBMYB,Marylebone,1,HUBMYB,TRUE,HUBMYB-Outside,FALSE,,FALSE,,,,,
HUBNWB,North Wembley,4,HUBNWB,FALSE,HUBNWB-Outside,FALSE,,FALSE,,,,,
HUBNWD,Norwood Junction,4,HUBNWD,FALSE,HUBNWD-Outside,TRUE,3,FALSE,,,Partial,,
HUBNWX,New Cross,2,HUBNWX,FALSE,HUBNWX-Outside,FALSE,,FALSE,,,Partial,,
HUBNXG,New Cross Gate,2,HUBNXG,FALSE,HUBNXG-Outside,FALSE,,FALSE,,,Partial,,
HUBOLD,Old Street,1,HUBOLD,TRUE,HUBOLD-Outside,FALSE,,FALSE,,,,,
HUBPAD,Paddington,1,HUBPAD,TRUE,HUBPAD-Outside,FALSE,,TRUE,,,,,
HUBQPW,Queen's Park,2,HUBQPW,TRUE,HUBQPW-Outside,FALSE,,FALSE,,,,,
HUBRIC,Rickmansworth,7,HUBRIC,TRUE,HUBRIC-Outside,TRUE,12,FALSE,,,Partial,,
HUBRMD,Richmond,4,HUBRMD,TRUE,HUBRMD-Outside,TRUE,1,TRUE,Full,,Partial,,
HUBSBP,Stonebridge Park,3,HUBSBP,TRUE,HUBSBP-Outside,FALSE,,FALSE,,,,,
HUBSDE,Shadwell,2,HUBSDE,TRUE,HUBSDE-Outside,FALSE,,FALSE,,,,,
HUBSOK,South Kenton,4,HUBSOK,TRUE,HUBSOK-Outside,FALSE,,FALSE,,,,,
HUBSPB,Shepherd's Bush,2,HUBSPB,TRUE,HUBSPB-Outside,FALSE,,FALSE,,,Partial,,
HUBSRA,Stratford,2|3,HUBSRA,TRUE,HUBSRA-Outside,FALSE,,TRUE,Full,,Partial,,
HUBSRU,South Ruislip,5,HUBSRU,TRUE,HUBSRU-Outside,FALSE,,FALSE,,,,,
HUBSVS,Seven Sisters,3,HUBSVS,TRUE,HUBSVS-Outside,FALSE,,FALSE,,,,,
HUBSYD,Sydenham,3,HUBSYD,FALSE,HUBSYD-Outside,FALSE,,FALSE,,,Partial,,
HUBTCR,Tottenham Court Road,1,HUBTCR,FALSE,HUBTCR-Outside,FALSE,,FALSE,,,,,
HUBTOG,Tower Gateway,1,HUBTOG,FALSE,HUBTOG-Outside,FALSE,,FALSE,,,,,
HUBTOM,Tottenham Hale,3,HUBTOM,TRUE,HUBTOM-Outside,FALSE,,TRUE,,,Partial,,
HUBUPM,Upminster,6,HUBUPM,TRUE,HUBUPM-Outside,TRUE,9,TRUE,,,Partial,,
HUBVIC,Victoria,1,HUBVIC,TRUE,HUBVIC-Outside,FALSE,,TRUE,Full,,Partial,,
HUBVXH,Vauxhall,1|2,HUBVXH,TRUE,HUBVXH-Outside,FALSE,,TRUE,Full,,Partial,,
HUBWAT,Waterloo,1,HUBWAT,TRUE,HUBWAT-Outside,FALSE,,TRUE,Full,Full,Partial,,
HUBWBP,West Brompton,2,HUBWBP,TRUE,HUBWBP-Outside,FALSE,,FALSE,,,Partial,,
HUBWCY,West Croydon,5|Trams fare zone,HUBWCY,FALSE,HUBWCY-Outside,FALSE,,FALSE,,,Partial,,
HUBWEH,West Ham,2|3,HUBWEH,TRUE,HUBWEH-Outside,FALSE,,FALSE,,,Partial,,
HUBWFJ,Watford Junction,Outside,HUBWFJ,FALSE,HUBWFJ-Outside,TRUE,10,FALSE,,,Partial,,
HUBWHC,Walthamstow Central,3,HUBWHC,TRUE,HUBWHC-Outside,TRUE,8,FALSE,,,,,
HUBWIJ,Willesden Junction,2|3,HUBWIJ,TRUE,HUBWIJ-Outside,FALSE,,FALSE,,,,,
HUBWIM,Wimbledon,3|Trams fare zone,HUBWIM,TRUE,HUBWIM-Outside,TRUE,2,TRUE,Full,,Partial,,
HUBWMB,Wembley Central,4,HUBWMB,TRUE,HUBWMB-Outside,FALSE,,FALSE,,,Partial,,
HUBWRU,West Ruislip,6,HUBWRU,TRUE,HUBWRU-Outside,FALSE,,FALSE,,,,,
HUBWSM,Westminster,1,HUBWSM,TRUE,HUBWSM-Outside,FALSE,,FALSE,,Full,,,
HUBWWA,Woolwich Arsenal,4,HUBWWA,FALSE,HUBWWA-Outside,FALSE,,FALSE,Full,Full,Partial,,
HUBZCW,Canada Water,2,HUBZCW,TRUE,HUBZCW-Outside,FALSE,,FALSE,Full,,,,
HUBZFD,Farringdon,1,HUBZFD,FALSE,HUBZFD-Outside,FALSE,,FALSE,,,Partial,,
HUBZMG,Moorgate,1,HUBZMG,FALSE,HUBZMG-Outside,FALSE,,FALSE,,,,,
HUBZWL,Whitechapel,2,HUBZWL,FALSE,HUBZWL-Outside,FALSE,,FALSE,,,,,
940GZZNEUGST,Nine Elms,1,,TRUE,940GZZNEUGST-Outside,FALSE,,FALSE,,,,,
940GZZBPSUST,Battersea Power Station,1,,TRUE,940GZZBPSUST-Outside,FALSE,,FALSE,,,,,
910GWOLWXR,Woolwich,4,910GWOLWXR,TRUE,910GWOLWXR-Outside,FALSE,,FALSE,,,,,
910GBKRVS,Barking Riverside,4,910GBKRVS,TRUE,910GBKRVS-Outside,FALSE,,FALSE,,Full,,,
